start,end,kind,functions,local_syms,example,prefix
0x00533AB0,0x00533D64,file,1,1,ck_talkEvent,ck
0x00533D70,0x005350FC,file,12,51,lb_talk_init,lb
0x005350FC,0x00535250,gap,3,0,Lb_reset_talk_count,
0x00535250,0x00536708,file,12,28,lb_mix_init,lb
0x00536708,0x00536E20,gap,2,0,Lb_shop_init,
0x00536E20,0x0053856C,file,14,15,shop_end_ck,lb
0x0053856C,0x00538A00,gap,3,0,Lb_shop_sw,
0x00538A00,0x0053C21C,file,24,74,check_items,lb
0x0053C21C,0x0053C610,gap,3,0,lb_armor_init,
0x0053C610,0x0053D758,file,14,36,lb_armor_decide,lb
0x0053D760,0x0053D7CC,file,1,1,armor_shop_trans,armor
0x0053D7D0,0x0053D824,file,1,1,sound_call,sound
0x0053D830,0x0053DC88,file,1,1,ef_move_sub,ef
0x0053DC90,0x0053DCDC,file,1,1,em10_effect_move,em10
0x0053DCE0,0x0053DCE8,file,1,1,em10_local_init,em10
0x0053DCF0,0x0053DCF8,file,1,1,dummy_em_prog,dummy
0x0053DD00,0x0053DD64,file,2,2,sound_call,move
0x0053DD70,0x0053E338,file,3,3,ef_move_sub,em09
0x0053E340,0x0053E348,file,1,1,dummy_em_prog,dummy
0x0053E350,0x0053E834,file,4,4,sound_call,move
0x0053E840,0x0053E848,file,1,1,dummy_em_prog,dummy
0x0053E848,0x0053E850,file,1,1,lap_start,lap
0x0053E850,0x005413A0,file,27,26,search,io
0x005413A0,0x005421A0,gap,21,0,sceHTTPRequest,
0x005421A0,0x005421DC,file,1,1,delete,delete
0x005421E0,0x0054250C,file,5,5,url_encoded_len,url
0x0054250C,0x00543310,gap,12,0,sceURLUnescape,
0x00543310,0x00544260,file,14,12,readline,open
0x00544260,0x005448C0,gap,11,0,sceHTTPLibCleanUpThreads,
0x005448C0,0x00545694,file,11,14,wkday,wkday
0x00545694,0x005459A0,gap,3,0,sceHTTPLibGetTime,
0x005459A0,0x00546DE0,file,10,13,parse,digest
0x00546DE0,0x00547A20,gap,12,0,sceHTTPFreeAuthList,
0x00547A20,0x00548B44,file,5,6,Decode,md5
0x00548B48,0x00549A1C,file,21,10,lfree,cooked
0x00549A1C,0x00549A30,gap,1,0,sceHTTPSSetDefaultOption,
0x00549A30,0x0054BEEC,file,22,25,bcd_to_int,ssl
0x0054BEEC,0x0054C858,gap,7,0,i2d_ASN1_BIT_STRING,
0x0054C858,0x0054CA10,file,1,1,asn1_collate_primative,asn1
0x0054CA10,0x0054E4A8,gap,25,0,ASN1_d2i_fp,
0x0054E4A8,0x0054E564,file,1,1,asn1_get_length,asn1
0x0054E564,0x0054E670,gap,1,0,ASN1_put_object,
0x0054E670,0x0054E710,file,1,1,asn1_put_length,asn1
0x0054E710,0x0054EE90,gap,12,0,ASN1_object_size,
0x0054EE90,0x0054F04C,file,1,1,i2d_X509_NAME_entries,i2
0x0054F04C,0x0054FF28,gap,15,0,d2i_X509_NAME,
0x0054FF28,0x0054FFD0,file,1,1,ASN1_TYPE_component_free,asn1
0x0054FFD0,0x00550368,gap,3,0,ASN1_verify,
0x00550368,0x00550494,file,1,1,ber_header_write,ber
0x00550494,0x00550D08,gap,14,0,BER_ITEM_get_long,
0x00550D08,0x00550DA8,file,1,1,ber_header_len,ber
0x00550DA8,0x005511F8,gap,3,0,BER_parse,
0x005511F8,0x00551C74,file,7,8,buffer_new,buffer
0x00551C74,0x005586B8,gap,118,0,BIO_set_flags,
0x005586B8,0x00559058,file,14,15,file_new,file
0x00559058,0x00559090,gap,2,0,BIO_s_mem,
0x00559090,0x00559524,file,7,8,mem_new,mem
0x00559524,0x005595A0,gap,2,0,BIO_s_socket,
0x005595A0,0x005598F4,file,6,7,sock_new,sock
0x005598F4,0x00559C28,gap,7,0,BUF_MEM_new,
0x00559C28,0x0055A2C4,file,5,6,new_dir,dir
0x0055A2C4,0x0055A2D8,gap,1,0,X509_LOOKUP_file,
0x0055A2D8,0x0055A398,file,1,1,by_file_ctrl,by
0x0055A398,0x0055A748,gap,2,0,X509_load_cert_file,
0x0055A748,0x0055AB10,file,9,9,sslcert_do_verify_cb,sslcert
0x0055AB10,0x00561A68,gap,175,0,SSLCERT_normal_setup,
0x00561A68,0x00561B1C,file,1,1,des_cbc_ede_init_key,des
0x00561B20,0x00561BA8,file,1,1,des_cbc_ede3_init_key,des
0x00561BA8,0x00561BD0,file,1,1,des_cbc_ede_cipher,des
0x00561BD0,0x00561BE0,gap,1,0,EVP_des_cbc,
0x00561BE0,0x00561C20,file,1,1,des_cbc_init_key,des
0x00561C20,0x00561C40,file,1,1,des_cbc_cipher,des
0x00561C40,0x00561C70,gap,3,0,EVP_rc2_cbc,
0x00561C70,0x00561D58,file,2,4,rc2_cbc_cipher,rc2
0x00561D58,0x00561D68,gap,1,0,EVP_enc_null,
0x00561D68,0x00561D74,file,1,1,null_init_key,null
0x00561D78,0x00561D98,file,1,1,null_cipher,null
0x00561D98,0x00561E24,file,2,4,rc4_cipher,rc4
0x00561E24,0x00562B80,gap,20,0,EVP_rc4,
0x00562B80,0x00562B98,file,1,1,pid_hash,pid
0x00562B98,0x00562BB0,file,1,1,pid_cmp,pid
0x00562BB0,0x00565838,gap,81,0,ERR_get_state,
0x00565838,0x00565AD4,file,2,2,expand,expand
0x00565AD8,0x00565BDC,file,1,1,getrn,getrn
0x00565BDC,0x00565E70,gap,10,0,lh_strhash,
0x00565E70,0x00566094,file,1,1,md2_block,md2
0x00566094,0x00566C20,gap,9,0,MD2_Final,
0x00566C20,0x00566FF0,file,6,8,obj_name_cmp,obj
0x00566FF0,0x005670A0,gap,1,0,OBJ_NAME_cleanup,
0x005670A0,0x00567D90,file,21,16,ln_cmp,obj
0x00567D90,0x00569148,gap,24,0,OBJ_dup,
0x00569148,0x00569238,file,1,1,op_push,op
0x00569238,0x005692A4,file,1,1,op_pop,op
0x005692A4,0x00569BB8,gap,19,0,op_push_pop,
0x00569BB8,0x00569C54,file,1,1,EVP_PKEY_free_it,evp
0x00569C54,0x0056A798,gap,12,0,EVP_PKEY_get_RSA,
0x0056A798,0x0056A8A8,file,1,1,load_iv,load
0x0056A8A8,0x0056D8C8,gap,53,0,PEM_read_bio,
0x0056D8C8,0x0056D950,file,1,1,r_eitems_expand,r
0x0056D950,0x0056DDE8,gap,9,0,R_EITEMS_add_item,
0x0056DDE8,0x0056DE50,file,1,1,r_lock_get_name_unsafe,r
0x0056DE50,0x00573A18,gap,69,0,R_lockid_new,
0x00573A18,0x00573FF4,file,3,5,md_seed,md
0x00573FF4,0x00574C48,gap,28,0,SSL_enable_RSA,
0x00574C48,0x00574CA8,file,1,1,ssl23_get_client_method,ssl23
0x00574CA8,0x00575090,gap,2,0,SSLv23_client_method,
0x00575090,0x005757BC,file,2,2,ssl23_client_hello,ssl23
0x005757BC,0x005757F8,gap,1,0,ssl23_data_init,
0x005757F8,0x00575B10,file,9,10,ssl23_read,ssl23
0x00575B10,0x00575C50,gap,2,0,ssl23_write_bytes,
0x00575C50,0x00575C80,file,1,1,ssl2_get_client_method,ssl2
0x00575C80,0x005761C0,gap,2,0,SSLv2_client_method,
0x005761C0,0x005776A8,file,9,9,client_hello,client
0x005776A8,0x00577A90,gap,4,0,ssl2_enc_init,
0x00577A90,0x00577A98,file,1,1,ssl2_default_timeout,ssl2
0x00577A98,0x00578C28,gap,24,0,sslv2_base_method,
0x00578C28,0x00578E88,file,1,4,ssl3_generate_key_block,ssl3
0x00578E88,0x005795C8,gap,6,0,ssl3_change_cipher_state,
0x005795C8,0x005796F0,file,1,1,ssl3_handshake_mac,ssl3
0x005796F0,0x00579B68,gap,5,0,ssl3_mac,
0x00579B68,0x00579EF8,file,9,3,ssl3_tmp_free,ssl3
0x00579EF8,0x0057A008,gap,1,0,ssl3_ctrl,
0x0057A008,0x0057A104,file,2,2,set_dh,set
0x0057A104,0x0057DAF0,gap,102,0,ssl3_ctx_ctrl,
0x0057DAF0,0x0057E440,file,7,4,read_n,ssl2
0x0057E440,0x0057E560,gap,2,0,ssl2_return_error,
0x0057E560,0x00580F50,file,14,13,ca_dn_cmp,ssl3
0x00580F50,0x0058228C,file,7,3,ssl3_read_n,ssl3
0x0058228C,0x00582610,gap,5,0,ssl3_send_alert,
0x00582610,0x005828D8,file,4,4,mktime,bcd
0x005828D8,0x00584CD0,gap,22,0,des_set_odd_parity,
0x00584CD0,0x00584FE0,file,5,9,cmp_by_num,cmp
0x00584FE0,0x00586920,gap,17,0,ssl_create_cipher_list,
0x00586920,0x005869AC,file,1,1,ssl_ctx_remove_session_nolock,ssl
0x005869AC,0x00586D20,gap,9,0,SSL_SESSION_free,
0x00586D20,0x00587048,file,5,5,timeout,ssl
0x00587048,0x00587AC0,gap,35,0,SSL_SESSION_get_peer_certificate,
0x00587AC0,0x00587AF0,file,1,1,tls1_get_client_method,tls1
0x00587AF0,0x00587C48,gap,1,0,TLSv1_client_method,
0x00587C48,0x00587E0C,file,1,1,tls1_P_hash,tls1
0x00587E10,0x00587F1C,file,1,1,tls1_PRF,tls1
0x00587F20,0x00588018,file,1,1,tls1_generate_key_block,tls1
0x00588018,0x00588DA8,gap,8,0,tls1_change_cipher_state,
0x00588DA8,0x00588DB0,file,1,4,tls1_default_timeout,tls1
0x00588DB0,0x0058A148,gap,9,0,tlsv1_base_method,
0x0058A148,0x0058A26C,file,1,1,str_to_ints,str
0x0058A26C,0x0058AD60,gap,29,0,time_mi_loffset,
0x0058AD60,0x0058AECC,file,4,4,cleanup,x509
0x0058AECC,0x0058C818,gap,60,0,X509_STORE_free,
0x0058C818,0x0058C870,file,1,1,find_by_nid,find
0x0058C870,0x0058C888,file,1,1,xem_cmp,xem
0x0058C888,0x0058C9C0,gap,2,0,X509v3_cleanup_extensions,
0x0058C9C0,0x0058D0F0,file,3,2,null_cb,null
0x0058D0F0,0x0058F710,gap,36,0,X509_NAME_get_text_by_NID,
0x0058F710,0x0058F750,file,2,2,X509_REVOKED_cmp,x509
0x0058F750,0x00590F40,gap,25,0,i2d_X509_EXTENSION,
0x00590F40,0x005C4E60,file,934,1124,cmcs_03,cnlbs
0x005C4E60,0x005C50F0,gap,1,0,Lb_check_receipt,
0x005C50F0,0x005C5D4C,file,15,15,lb_set_chair,lb
0x005C5D4C,0x005C5E80,gap,4,0,Lb_check_money,
0x005C5E80,0x00610288,file,908,1598,eot_cb,lb
